<?xml version="1.0" encoding="UTF-8"?>
<beans xmlns="http://www.springframework.org/schema/beans"
	xmlns:xsi="http://www.w3.org/2001/XMLSchema-instance"
	xmlns:context="http://www.springframework.org/schema/context"
	xmlns:aop="http://www.springframework.org/schema/aop"
	xmlns:jdbc="http://www.springframework.org/schema/jdbc"
	xmlns:mybatis-spring="http://mybatis.org/schema/mybatis-spring"
	xsi:schemaLocation="http://www.springframework.org/schema/jdbc http://www.springframework.org/schema/jdbc/spring-jdbc-4.3.xsd
		http://mybatis.org/schema/mybatis-spring http://mybatis.org/schema/mybatis-spring-1.2.xsd
		http://www.springframework.org/schema/beans https://www.springframework.org/schema/beans/spring-beans.xsd
		http://www.springframework.org/schema/context http://www.springframework.org/schema/context/spring-context-4.3.xsd
		http://www.springframework.org/schema/aop http://www.springframework.org/schema/aop/spring-aop-4.3.xsd">

	<!-- Root Context: defines shared resources visible to all other web components -->
	<!-- 추가 -->
	<bean id="dataSource" class="org.springframework.jdbc.datasource.DriverManagerDataSource"> 
		<property name="driverClassName" value="com.mysql.cj.jdbc.Driver"></property> 
		<property name="url" value="jdbc:mysql://localhost:3306/bookdb?allowpublickeyretrieval=true"></property> 
		<property name="username" value="bookuser"></property>
		 <property name="password"	value="mysql"></property> </bean> 
		 <bean id="sqlSessionFactory" class="org.mybatis.spring.SqlSessionFactoryBean"> 
		<property name="dataSource" ref="dataSource"></property> <property name="mapperLocations" 
		value="classpath:mappers/**/*Mapper.xml">
		</property> </bean> <mybatis-spring:scan 
		base-package="com.ezen.book.repository"/> 
</beans>






	<!-- <bean id="hikariConfig" class="com.zaxxer.hikari.HikariConfig">
		<property name="driverClassName"
			value="com.mysql.cj.jdbc.Driver"></property>
		<property name="jdbcUrl"
			value="jdbc:mysql://localhost:3306/bookdb?allowPublicKeyRetrieval=true">
		</property>
		<property name="username" value="bookuser"></property>
		<property name="password" value="mysql"></property>
	</bean>
	<bean id="dataSource" class="com.zaxxer.hikari.HikariDataSource"
		destroy-method="close">
		<constructor-arg ref="hikariConfig"></constructor-arg>
	</bean>
	<bean id="sqlSessionFactory"
		class="org.mybatis.spring.SqlSessionFactoryBean">
		<property name="dataSource" ref="dataSource" />
		<property name="mapperLocations"
			value="classpath:mappers/**/*Mapper.xml"></property>
	</bean>
	<mybatis-spring:scan
		base-package="com.ezen.book.repository" /> -->
		
		
		
