<?xml version="1.0" encoding="UTF-8"?>
<!DOCTYPE mapper
	PUBLIC "-//mybatis.org//DTD Mapper 3.0//EN"
	"http://mybatis.org/dtd/mybatis-3-mapper.dtd">
<mapper namespace="com.ezen.book.repository.CommentDAO">
	<insert id="insertComment"
		parameterType="com.ezen.book.domain.CommentVO">
		insert into comment (cot_brd_num
		,cot_writer,cot_content)
		values
		(#{cot_brd_num},#{cot_writer},#{cot_content})
	</insert>

	<select id="selectList"
		resultType="com.ezen.book.domain.CommentVO">
		select * from comment where cot_brd_num=#{cot_brd_num}
	</select>

	<update id="updateComment">
		update comment set cot_content =#{cot_content}, cot_regdate=now() where
		cot_num=#{cot_num}
	</update>


	<delete id="commentDelete">
		delete from comment where cot_num=#{brd_num}
	</delete>

	<delete id="removeComment">
		delete from comment where cot_brd_num=#{brd_num}
	</delete>

</mapper>