<?xml version="1.0" encoding="UTF-8"?>
<!DOCTYPE mapper
  PUBLIC "-//mybatis.org//DTD Mapper 3.0//EN"
  "https://mybatis.org/dtd/mybatis-3-mapper.dtd">
<mapper namespace="com.ezen.book.repository.FaqDAO">
	<insert id="insertFaq">
		insert into faq(faq_question, faq_answer)
		values(#{faq_question},
		#{faq_answer})
	</insert>

	<select id="faqList" resultType="com.ezen.book.domain.FaqVO">
		select * from faq where faq_num>0
		<include refid="search"></include>
		order by faq_num desc
		limit #{pageStart},#{qty}
	</select>

	<select id="getFaqListOnly"
		resultType="com.ezen.book.domain.FaqVO">
		select * from faq
	</select>
	<select id="faqDetail" resultType="com.ezen.book.domain.FaqVO">
		select * from faq where
		faq_num = #{faq_num}
	</select>
	<update id="faqModify">
		update faq set faq_question = #{faq_question},
		faq_answer = #{faq_answer}
		where faq_num = #{faq_num}
	</update>
	<delete id="faqRemove">
		delete from faq where faq_num = #{faq_num}
	</delete>

	<select id="totalCount" resultType="int">
		select count(faq_num) from faq where faq_num>0
		<include refid="search"></include>
	</select>

	<sql id="search">
		<if test="type != null">
			<trim prefix="and (" suffix=")" prefixOverrides="OR">
				<foreach collection="typeToArray" item="type">
					<trim prefix="OR">
						<choose>
							<when test="type=='t'.toString()">
								faq_question like CONCAT('%', #{keyword}, '%')
							</when>
							<when test="type=='c'.toString()">
								faq_answer like CONCAT('%', #{keyword}, '%')
							</when>

						</choose>
					</trim>
				</foreach>
			</trim>
		</if>
	</sql>
</mapper>